city,country,lat,lon,baseline_temp_c,future_temp_c,delta_temp_c,delta_summer_temp_c,delta_precip_pct,baseline_heat_days,future_heat_days,delta_heat_days,resilience_score,risk_tier
Zurich,Switzerland,47.3744,8.541,10.0,11.7,1.7,2.0,-4.3,0.0,0.0,0.0,65.1,Moderate Risk
Geneva,Switzerland,46.2018,6.1466,10.6,12.4,1.8,2.1,-8.0,0.0,0.0,0.0,55.9,Moderate Risk
Basel,Switzerland,47.5581,7.5878,10.5,12.2,1.8,2.1,-4.1,0.0,1.0,1.0,61.5,Moderate Risk
Lausanne,Switzerland,46.5218,6.6327,10.4,12.2,1.8,2.1,-6.5,0.0,0.0,0.0,58.3,Moderate Risk
Lugano,Switzerland,46.005,8.952,12.9,14.6,1.7,2.1,-11.0,0.0,0.0,0.0,52.6,Moderate Risk
Bern,Switzerland,46.9485,7.4522,8.6,10.4,1.8,2.0,-4.9,0.0,0.0,0.0,62.4,Moderate Risk
Reykjavik,Iceland,64.146,-21.9422,4.5,5.6,1.1,0.9,5.6,0.0,0.0,0.0,89.1,Low Risk
Oslo,Norway,59.9133,10.739,6.4,8.1,1.8,1.6,0.3,0.0,0.0,0.0,75.8,Low Risk
Trondheim,Norway,63.4304,10.3952,4.7,6.2,1.5,1.3,6.3,0.0,0.0,0.0,75.4,Low Risk
Bergen,Norway,60.3943,5.3259,6.9,8.1,1.2,1.1,5.3,0.0,0.0,0.0,85.0,Low Risk
London,United Kingdom,51.5074,-0.1278,10.7,12.1,1.3,1.6,-1.6,0.0,0.0,0.0,82.0,Low Risk
Stavanger,Norway,58.97,5.7318,7.8,9.0,1.1,1.1,3.2,0.0,0.0,0.0,90.1,Low Risk
Copenhagen,Denmark,55.6867,12.5701,8.9,10.5,1.6,1.5,-1.1,0.0,0.0,0.0,79.3,Low Risk
Amsterdam,Netherlands,52.3731,4.8925,10.4,11.7,1.3,1.4,-3.0,0.0,0.0,0.0,82.7,Low Risk
Pisa,Italy,43.4715,10.6798,14.3,16.1,1.7,2.2,-10.6,1.0,4.1,3.1,49.4,High Risk
Stockholm,Sweden,59.3251,18.0711,7.2,9.0,1.8,1.5,-1.8,0.0,0.0,0.0,74.8,Moderate Risk
Luxembourg,Luxembourg,49.8159,6.1297,9.3,11.0,1.7,2.1,-6.1,0.0,0.0,0.0,60.6,Moderate Risk
Haarlem,Netherlands,52.3837,4.6436,10.7,12.0,1.2,1.2,-3.4,0.0,0.0,0.0,86.6,Low Risk
Aalborg,Denmark,57.0463,9.9215,8.8,10.2,1.5,1.4,0.9,0.0,0.0,0.0,82.8,Low Risk
Aarhus,Denmark,56.1496,10.2134,9.0,10.5,1.5,1.4,-0.4,0.0,0.0,0.0,83.6,Low Risk
Paris,France,48.8535,2.3484,11.6,13.2,1.6,2.1,-3.4,0.0,1.0,1.0,66.0,Moderate Risk
Utrecht,Netherlands,52.0907,5.1216,10.4,11.8,1.4,1.5,-4.4,0.0,0.0,0.0,77.2,Low Risk
Salzburg,Austria,47.7981,13.0465,8.8,10.5,1.7,1.9,-1.5,0.0,0.0,0.0,71.1,Moderate Risk
Munich,Germany,48.1371,11.5754,8.8,10.5,1.7,1.9,0.7,0.0,0.0,0.0,72.4,Moderate Risk
Espoo,Finland,60.205,24.656,6.0,8.3,2.4,1.6,-1.2,0.0,0.0,0.0,64.3,Moderate Risk
Dublin,Ireland,53.3494,-6.2606,10.4,11.4,1.0,1.1,0.0,0.0,0.0,0.0,97.0,Low Risk
Odense,Denmark,55.3997,10.3852,9.2,10.7,1.5,1.3,-2.0,0.0,0.0,0.0,82.4,Low Risk
Guildford,United Kingdom,51.2356,-0.5732,10.7,12.0,1.3,1.6,-2.1,0.0,0.0,0.0,81.2,Low Risk
Oxford,United Kingdom,51.752,-1.2578,10.2,11.5,1.3,1.5,-0.5,0.0,0.0,0.0,85.3,Low Risk
Vienna,Austria,48.2084,16.3725,10.7,12.6,1.9,2.2,-3.7,0.0,1.8,1.8,58.4,Moderate Risk
Nice,France,43.7009,7.2684,15.6,17.3,1.7,2.2,-10.8,0.0,0.0,0.0,51.5,Moderate Risk
Milan,Italy,45.4642,9.1896,12.6,14.6,1.9,2.6,-10.0,2.0,5.0,3.0,41.3,High Risk
Delft,Netherlands,51.9995,4.3627,10.7,11.9,1.3,1.2,-3.6,0.0,0.0,0.0,84.6,Low Risk
Rotterdam,Netherlands,51.9244,4.4778,10.7,11.9,1.3,1.3,-3.7,0.0,0.0,0.0,83.0,Low Risk
Frankfurt,Germany,50.1106,8.6821,10.6,12.3,1.7,2.1,-5.5,0.0,1.0,1.0,60.9,Moderate Risk
Brighton,United Kingdom,50.8215,-0.1401,11.1,12.4,1.3,1.4,-2.1,0.0,0.0,0.0,84.1,Low Risk
The Hague (Den Haag),Netherlands,52.102,4.2982,10.7,11.9,1.3,1.2,-3.6,0.0,0.0,0.0,84.6,Low Risk
Helsinki,Finland,60.1666,24.9435,5.9,8.3,2.4,1.6,-1.4,0.0,0.0,0.0,64.0,Moderate Risk
Strasbourg,France,48.5846,7.7507,10.7,12.5,1.7,2.2,-6.8,0.0,2.0,2.0,56.5,Moderate Risk
Marseille,France,43.2962,5.37,15.6,17.2,1.7,2.0,-7.0,0.0,0.0,0.0,60.6,Moderate Risk
Lyon,France,45.7578,4.832,12.3,14.1,1.8,2.4,-8.3,1.0,3.3,2.3,49.2,High Risk
Wiesbaden,Germany,50.082,8.2417,10.9,12.6,1.7,2.1,-5.7,0.0,1.0,1.0,60.5,Moderate Risk
Heidelberg,Germany,49.4094,8.6947,11.0,12.7,1.7,2.2,-6.1,0.0,1.0,1.0,58.4,Moderate Risk
Cambridge,United Kingdom,52.2055,0.1187,10.5,11.9,1.3,1.5,-2.5,0.0,0.0,0.0,82.0,Low Risk
Dusseldorf,Germany,51.2254,6.7763,10.7,12.3,1.6,1.9,-7.0,0.0,0.0,0.0,63.8,Moderate Risk
Brussels,Belgium,50.8467,4.3525,10.9,12.4,1.5,1.8,-5.7,0.0,1.0,1.0,68.3,Moderate Risk
Erfurt,Germany,50.9778,11.0287,9.5,11.2,1.7,1.9,-2.8,0.0,0.0,0.0,69.0,Moderate Risk
Galway,Ireland,53.2744,-9.0491,10.2,11.2,1.0,1.1,1.7,0.0,0.0,0.0,94.2,Low Risk
Edinburgh,United Kingdom,55.9533,-3.1884,8.8,9.9,1.1,1.2,1.4,0.0,0.0,0.0,91.6,Low Risk
Gent,Belgium,51.0538,3.725,10.8,12.3,1.5,1.7,-4.8,0.0,0.0,0.0,72.0,Moderate Risk
Essen,Germany,51.4582,7.0158,10.4,12.0,1.6,1.8,-5.8,0.0,0.0,0.0,67.2,Moderate Risk
Darmstadt,Germany,49.8728,8.6512,10.6,12.4,1.7,2.2,-5.9,0.0,1.0,1.0,58.7,Moderate Risk
Cologne,Germany,50.9384,6.96,10.5,12.1,1.6,1.9,-5.3,0.0,0.0,0.0,66.6,Moderate Risk
Karlsruhe,Germany,49.0069,8.4034,11.2,12.9,1.8,2.2,-6.3,0.0,2.0,2.0,55.6,Moderate Risk
Cork,Ireland,51.8985,-8.4726,10.9,12.0,1.0,1.2,1.7,0.0,0.0,0.0,92.7,Low Risk
Antwerp,Belgium,51.2211,4.3997,10.8,12.3,1.5,1.7,-5.4,0.0,0.0,0.0,71.0,Moderate Risk
Leiden,Netherlands,52.1595,4.4909,10.7,11.9,1.2,1.2,-3.7,0.0,0.0,0.0,86.1,Low Risk
Hamburg,Germany,53.5503,10.0007,9.5,11.1,1.5,1.6,-0.7,0.0,0.0,0.0,80.2,Low Risk
Reading,United Kingdom,51.4515,-0.9836,10.5,11.8,1.3,1.6,-1.5,0.0,0.0,0.0,82.2,Low Risk
Eindhoven,Netherlands,51.4393,5.4786,10.8,12.3,1.5,1.8,-5.7,0.0,0.0,0.0,69.0,Moderate Risk
Graz,Austria,47.0709,15.4383,9.3,11.0,1.8,2.1,-3.6,0.0,0.0,0.0,63.1,Moderate Risk
Stuttgart,Germany,48.7784,9.18,10.3,12.0,1.7,2.0,-4.2,0.0,0.0,0.0,65.2,Moderate Risk
Dortmund,Germany,51.5142,7.4653,10.2,11.8,1.6,1.8,-4.8,0.0,0.0,0.0,68.8,Moderate Risk
Augsburg,Germany,48.369,10.898,9.2,10.9,1.7,1.9,-0.5,0.0,0.0,0.0,72.7,Moderate Risk
Uppsala,Sweden,59.8586,17.6387,6.8,8.6,1.8,1.6,-3.0,0.0,0.0,0.0,71.4,Moderate Risk
Bristol,United Kingdom,51.4538,-2.5973,10.6,11.9,1.3,1.5,-0.5,0.0,0.0,0.0,85.3,Low Risk
Berlin,Germany,52.5174,13.3951,10.0,11.6,1.6,1.8,2.2,0.0,0.0,0.0,73.1,Moderate Risk
Southampton,United Kingdom,50.9025,-1.4042,11.1,12.4,1.3,1.6,-1.5,0.0,0.0,0.0,82.2,Low Risk
Mainz,Germany,49.9995,8.2736,10.8,12.5,1.7,2.1,-6.1,0.0,1.0,1.0,59.9,Moderate Risk
Malmo,Sweden,55.6053,13.0002,9.0,10.6,1.6,1.5,-1.3,0.0,0.0,0.0,79.0,Low Risk
Toulouse,France,43.6045,1.4442,13.8,15.6,1.9,2.6,-9.4,3.0,5.1,2.1,43.0,High Risk
Nuremberg,Germany,49.4539,11.0773,9.7,11.4,1.7,2.0,-3.7,0.0,0.0,0.0,66.0,Moderate Risk
Kiel,Germany,54.3227,10.1356,9.4,11.0,1.6,1.3,-0.1,0.0,0.0,0.0,83.9,Low Risk
Groningen,Netherlands,53.2191,6.568,9.9,11.2,1.3,1.3,-1.4,0.0,0.0,0.0,86.8,Low Risk
Bremen,Germany,53.0758,8.8072,9.9,11.4,1.5,1.6,-2.2,0.0,0.0,0.0,77.7,Low Risk
Bonn,Germany,50.7353,7.1025,10.7,12.3,1.6,2.0,-5.5,0.0,1.0,1.0,64.0,Moderate Risk
Florence,Italy,43.7698,11.2556,14.4,16.2,1.8,2.4,-9.3,2.4,13.1,10.7,41.2,High Risk
Turku,Finland,60.4516,22.267,6.1,8.2,2.1,1.6,-2.1,0.0,0.0,0.0,67.9,Moderate Risk
Dresden,Germany,51.0493,13.7381,9.9,11.5,1.7,1.7,1.4,0.0,0.0,0.0,74.2,Moderate Risk
Linz,Austria,48.3059,14.2862,10.0,11.7,1.7,1.9,-0.1,0.0,0.0,0.0,73.4,Moderate Risk
Birmingham,United Kingdom,52.4797,-1.9027,9.6,10.9,1.3,1.4,-0.6,0.0,0.0,0.0,86.6,Low Risk
Brescia,Italy,45.7796,10.4259,7.9,9.6,1.8,2.2,-9.0,0.0,0.0,0.0,52.8,Moderate Risk
Limerick,Ireland,52.6613,-8.6301,10.4,11.4,1.0,1.2,0.9,0.0,0.0,0.0,94.0,Low Risk
Bordeaux,France,44.8412,-0.58,13.8,15.4,1.6,2.1,-8.2,1.5,2.9,1.4,57.8,Moderate Risk
York,United Kingdom,53.9657,-1.0743,9.5,10.8,1.2,1.3,-4.3,0.0,0.0,0.0,83.7,Low Risk
Bologna,Italy,44.4938,11.3426,14.2,16.1,2.0,2.6,-7.0,4.1,20.7,16.7,34.1,High Risk
Manchester,United Kingdom,53.4795,-2.2451,9.5,10.7,1.2,1.3,-1.5,0.0,0.0,0.0,88.3,Low Risk
Hanover,Germany,52.3745,9.7386,10.0,11.6,1.6,1.7,-0.9,0.0,0.0,0.0,76.7,Low Risk
Mannheim,Germany,49.4893,8.4673,10.9,12.7,1.7,2.2,-6.1,0.0,2.0,2.0,57.6,Moderate Risk
Glasgow,United Kingdom,55.8612,-4.2502,8.7,9.8,1.1,1.2,2.8,0.0,0.0,0.0,89.3,Low Risk
Gothenburg,Sweden,57.7072,11.967,8.2,9.8,1.6,1.4,0.3,0.0,0.0,0.0,82.1,Low Risk
Leipzig,Germany,51.3406,12.3747,10.0,11.7,1.7,1.8,0.7,0.0,0.0,0.0,73.9,Moderate Risk
Belfast,United Kingdom,54.5976,-5.9277,10.1,11.0,1.0,1.1,1.1,0.0,0.0,0.0,95.2,Low Risk
Newcastle upon Tyne,United Kingdom,54.9738,-1.6132,9.2,10.2,1.1,1.1,-1.8,0.0,0.0,0.0,92.4,Low Risk
Leeds,United Kingdom,53.7974,-1.5438,9.6,10.8,1.2,1.3,-3.0,0.0,0.0,0.0,85.8,Low Risk
Bournemouth,United Kingdom,50.7202,-1.8799,11.4,12.7,1.3,1.5,-0.1,0.0,0.0,0.0,85.9,Low Risk
Treviso,Italy,45.8067,12.2063,12.2,14.0,1.8,2.4,-9.2,0.0,2.0,2.0,48.0,High Risk
Milton Keynes,United Kingdom,52.0407,-0.7594,10.0,11.3,1.3,1.5,-1.4,0.0,0.0,0.0,83.8,Low Risk
Aachen,Germany,50.7764,6.0839,10.1,11.7,1.6,1.9,-4.9,0.0,0.0,0.0,67.2,Moderate Risk
Lund,Sweden,55.7029,13.1929,8.4,10.0,1.7,1.6,-1.4,0.0,0.0,0.0,75.7,Low Risk
Cardiff,United Kingdom,51.4817,-3.1792,10.6,11.8,1.2,1.4,0.8,0.0,0.0,0.0,87.9,Low Risk
Grenoble,France,45.1876,5.7358,12.1,14.0,1.9,2.2,-9.9,0.0,1.3,1.3,48.6,High Risk
Erlangen,Germany,49.5892,10.9812,9.8,11.5,1.7,2.0,-3.9,0.0,0.0,0.0,65.7,Moderate Risk
Montpellier,France,43.6112,3.8767,14.8,16.6,1.8,2.4,-0.5,0.0,4.0,4.0,60.7,Moderate Risk
Lille,France,50.6366,3.0635,10.8,12.3,1.5,1.7,-4.9,0.0,0.0,0.0,71.8,Moderate Risk
Verona,Italy,45.4425,10.9857,13.5,15.4,1.8,2.5,-9.0,3.0,8.7,5.7,44.0,High Risk
Chemnitz,Germany,50.8324,12.9189,9.1,10.7,1.7,1.7,1.2,0.0,0.0,0.0,74.5,Moderate Risk
Nottingham,United Kingdom,52.9534,-1.1496,9.9,11.2,1.3,1.4,-4.3,0.0,0.0,0.0,80.5,Low Risk
Bolzano-Bozen,Italy,46.6559,11.2302,3.3,5.0,1.7,1.9,-0.8,0.0,0.0,0.0,72.2,Moderate Risk
Tallinn,Estonia,59.4372,24.7573,6.4,8.9,2.5,1.5,-4.0,0.0,0.0,0.0,59.6,Moderate Risk
Liverpool,United Kingdom,53.4072,-2.9917,10.1,11.2,1.1,1.1,-1.7,0.0,0.0,0.0,92.5,Low Risk
Braunschweig,Germany,52.2647,10.5236,9.8,11.4,1.6,1.7,0.9,0.0,0.0,0.0,76.7,Low Risk
Sliema,Malta,35.9128,14.5021,19.2,20.6,1.3,1.5,-9.1,0.0,0.0,0.0,71.2,Moderate Risk
Trento,Italy,46.0664,11.1258,12.6,14.4,1.8,2.1,-4.2,0.0,0.0,0.0,62.1,Moderate Risk
Padova,Italy,45.3914,11.8058,13.4,15.3,1.9,2.5,-9.8,2.0,7.1,5.1,41.5,High Risk
Coventry,United Kingdom,52.4082,-1.5105,9.9,11.2,1.3,1.4,-1.3,0.0,0.0,0.0,85.4,Low Risk
Villach,Austria,46.6167,13.85,9.4,11.1,1.7,1.9,-2.6,0.0,0.0,0.0,69.3,Moderate Risk
Leuven,Belgium,50.8792,4.7012,10.8,12.3,1.5,1.8,-5.6,0.0,0.0,0.0,69.2,Moderate Risk
Sheffield,United Kingdom,53.3807,-1.4702,9.8,11.0,1.2,1.3,-3.6,0.0,0.0,0.0,84.8,Low Risk
Cagliari,Italy,39.2172,9.1133,17.3,19.1,1.7,2.3,-15.3,4.4,27.9,23.5,24.7,Critical
Genoa,Italy,44.4073,8.9339,14.6,16.4,1.8,2.3,-8.0,0.0,2.0,2.0,51.4,Moderate Risk
Trieste,Italy,45.6496,13.7773,13.2,15.0,1.8,2.4,-8.5,0.0,5.0,5.0,46.8,High Risk
Rome,Italy,41.8933,12.4829,15.7,17.6,1.8,2.5,-13.4,2.3,14.5,12.2,31.8,High Risk
Turin,Italy,45.0678,7.6825,11.7,13.6,1.9,2.5,-8.0,0.0,0.0,0.0,48.3,High Risk
Naples,Italy,40.8359,14.2488,16.4,18.0,1.6,2.1,-8.3,0.0,4.8,4.8,55.0,Moderate Risk
Rimini,Italy,43.9465,12.6307,14.8,16.5,1.6,1.8,-6.7,0.0,1.0,1.0,65.0,Moderate Risk
Valletta,Malta,35.899,14.5137,19.2,20.5,1.3,1.5,-9.1,0.0,0.0,0.0,71.2,Moderate Risk
Palma de Mallorca,Spain,39.5696,2.6501,18.4,19.8,1.5,1.8,-9.9,0.0,2.5,2.5,60.3,Moderate Risk
Prague,Czech Republic,50.0875,14.4213,10.0,11.8,1.8,1.9,-1.0,0.0,0.0,0.0,70.3,Moderate Risk
Barcelona,Spain,41.3826,2.1771,15.8,17.5,1.6,1.9,-4.2,0.0,0.0,0.0,68.4,Moderate Risk
Remagen,Germany,50.5792,7.2287,10.7,12.4,1.6,2.0,-5.8,0.0,1.0,1.0,63.5,Moderate Risk
Reggio Nell'emilia,Italy,44.6087,10.5941,12.7,14.7,2.0,2.6,-7.5,1.8,5.4,3.7,43.2,High Risk
Bergamo,Italy,45.7567,9.7542,10.2,12.0,1.8,2.2,-9.9,0.0,0.0,0.0,51.3,Moderate Risk
Madrid,Spain,40.4168,-3.7035,14.3,16.2,1.8,2.2,-2.8,8.3,33.5,25.3,43.6,High Risk
Split,Croatia,43.5116,16.44,15.4,17.2,1.8,2.3,-7.3,2.0,7.4,5.4,49.9,High Risk
Tartu,Estonia,58.378,26.729,6.4,8.5,2.1,1.6,-0.6,0.0,0.0,0.0,70.3,Moderate Risk
Ljubljana,Slovenia,46.05,14.5069,10.3,12.0,1.7,2.1,-6.3,0.0,0.0,0.0,60.3,Moderate Risk
Athens,Greece,37.9756,23.7348,17.8,19.3,1.5,1.9,-6.8,12.4,38.8,26.4,45.6,High Risk
Bari,Italy,41.1258,16.862,17.1,18.6,1.6,1.8,-4.2,0.0,1.0,1.0,69.1,Moderate Risk
Heraklion,Greece,35.3391,25.1333,18.9,20.2,1.3,1.5,-2.9,1.0,5.9,4.9,77.6,Low Risk
Palermo,Italy,38.1112,13.3524,18.4,19.7,1.4,1.6,-10.9,1.0,2.2,1.2,64.2,Moderate Risk
Bratislava,Slovakia,48.1559,17.1314,11.1,13.0,1.9,2.2,-2.2,0.0,3.2,3.2,59.8,Moderate Risk
Bilbao,Spain,43.263,-2.935,14.3,15.5,1.2,1.1,-11.8,0.0,0.0,0.0,74.4,Moderate Risk
Riga,Latvia,56.9494,24.1052,7.5,9.5,2.0,1.5,-4.0,0.0,0.0,0.0,67.9,Moderate Risk
Thessaloniki,Greece,40.6403,22.9353,16.1,17.8,1.7,2.1,-0.2,11.1,35.5,24.4,51.6,Moderate Risk
Lisbon,Portugal,38.7078,-9.1366,16.9,18.2,1.3,1.2,-6.9,1.0,1.0,0.0,79.2,Low Risk
Rijeka,Croatia,45.3268,14.4422,13.7,15.4,1.7,2.2,-9.0,0.0,5.0,5.0,50.6,Moderate Risk
Santa Cruz de Tenerife,Spain,28.4672,-16.2508,20.6,21.6,1.0,1.0,-6.3,0.0,0.0,0.0,88.2,Low Risk
Zagreb,Croatia,45.8131,15.9773,11.7,13.5,1.8,2.3,-7.1,1.3,4.3,3.0,52.1,Moderate Risk
Oviedo,Spain,43.3533,-5.8795,12.0,13.2,1.3,1.4,-9.0,0.0,0.0,0.0,72.9,Moderate Risk
Brno,Czech Republic,49.1922,16.6113,9.8,11.7,1.8,2.0,-2.9,0.0,1.5,1.5,64.5,Moderate Risk
Warsaw,Poland,52.2334,21.0711,9.2,11.0,1.8,1.8,0.2,0.0,0.0,0.0,73.0,Moderate Risk
Vilnius,Lithuania,54.687,25.2829,7.5,9.4,1.9,1.6,3.3,0.0,0.0,0.0,69.2,Moderate Risk
Kaunas,Lithuania,54.8982,23.9045,8.0,9.9,1.9,1.6,3.6,0.0,0.0,0.0,68.7,Moderate Risk
Catania,Italy,37.5024,15.0874,18.5,20.0,1.5,1.9,-6.5,4.7,21.7,17.1,53.2,Moderate Risk
Valencia,Spain,39.4697,-0.3763,17.8,19.2,1.5,1.7,-7.8,1.4,4.3,2.9,64.9,Moderate Risk
Kosice,Slovakia,48.7172,21.2497,9.5,11.3,1.8,1.9,-4.4,0.0,1.0,1.0,63.9,Moderate Risk
Alicante,Spain,38.3436,-0.4882,18.3,19.8,1.6,1.8,-6.3,1.0,4.1,3.1,64.0,Moderate Risk
Budapest,Hungary,47.4979,19.0402,11.5,13.4,1.9,2.4,-4.7,1.2,3.4,2.2,53.5,Moderate Risk
Malaga,Spain,36.7213,-4.4216,18.3,19.9,1.6,1.8,-5.7,1.0,2.8,1.8,66.0,Moderate Risk
Plzen,Czech Republic,49.7477,13.3775,9.2,11.0,1.7,1.9,2.4,0.0,0.0,0.0,69.6,Moderate Risk
Krakow (Cracow),Poland,50.0699,19.9715,8.9,10.7,1.8,1.9,0.4,0.0,1.0,1.0,70.5,Moderate Risk
Wroclaw,Poland,51.1263,16.9782,9.8,11.6,1.8,1.9,1.0,0.0,1.0,1.0,69.5,Moderate Risk
Moscow,Russia,55.6256,37.6064,5.5,7.5,2.0,1.8,1.4,0.0,0.0,0.0,67.7,Moderate Risk
Las Palmas de Gran Canaria,Spain,28.1289,-15.4349,19.5,20.4,1.0,0.9,-4.2,0.0,0.0,0.0,93.1,Low Risk
Ostrava,Czech Republic,49.8349,18.282,9.2,11.0,1.7,1.9,2.7,0.0,1.0,1.0,68.4,Moderate Risk
Gdansk,Poland,54.3483,18.654,8.9,10.6,1.7,1.5,1.7,0.0,0.0,0.0,76.7,Low Risk
Porto,Portugal,41.1502,-8.6103,15.1,16.5,1.4,1.6,-13.0,0.0,0.0,0.0,61.7,Moderate Risk
Tirana,Albania,41.3281,19.8184,15.5,17.1,1.7,2.2,-11.6,2.6,14.1,11.5,41.4,High Risk
Gdynia,Poland,54.5233,18.604,9.0,10.7,1.7,1.5,0.5,0.0,0.0,0.0,78.6,Low Risk
Seville (Sevilla),Spain,37.3868,-5.9936,18.9,20.6,1.7,1.7,-6.8,48.1,72.5,24.4,46.7,High Risk
Budva,Montenegro,42.2886,18.842,16.5,18.2,1.7,2.2,-13.6,6.0,5.9,-0.1,47.0,High Risk
Granada,Spain,37.1735,-3.5995,15.9,17.8,1.9,2.1,-10.8,13.4,46.0,32.6,24.7,Critical
Pecs,Hungary,46.0765,18.228,12.0,13.9,1.9,2.3,-4.7,1.8,4.4,2.6,54.7,Moderate Risk
Belgrade,Serbia,44.8153,20.4457,13.0,14.9,1.9,2.4,-5.2,3.6,11.4,7.8,48.4,High Risk
Funchal,Portugal,32.6496,-16.9087,19.1,20.1,1.0,0.9,-7.9,0.0,0.0,0.0,87.0,Low Risk
Lodz,Poland,51.7687,19.457,8.8,10.5,1.8,1.8,0.7,0.0,0.0,0.0,72.2,Moderate Risk
Olomouc,Czech Republic,49.5941,17.2511,9.3,11.0,1.8,2.0,-0.9,0.0,0.0,0.0,68.9,Moderate Risk
Braga,Portugal,41.5511,-8.428,13.9,15.5,1.5,1.8,-13.5,0.0,2.5,2.5,54.4,Moderate Risk
Coimbra,Portugal,40.2112,-8.4295,15.7,17.2,1.4,1.5,-10.4,2.8,4.6,1.8,66.1,Moderate Risk
Poznan,Poland,52.4083,16.9335,9.6,11.3,1.7,1.8,1.8,0.0,0.0,0.0,72.1,Moderate Risk
Sofia,Bulgaria,42.6977,23.3217,10.8,12.4,1.6,2.1,-0.6,0.0,2.0,2.0,69.8,Moderate Risk
Debrecen,Hungary,47.5314,21.626,11.5,13.4,1.9,2.3,-5.2,1.8,4.8,3.0,53.5,Moderate Risk
Bucharest,Romania,44.4361,26.1027,12.1,13.9,1.9,2.1,-4.9,2.8,9.4,6.7,54.1,Moderate Risk
Cluj-Napoca,Romania,46.7694,23.59,9.5,11.2,1.7,2.1,-0.6,0.0,1.0,1.0,68.9,Moderate Risk
Szczecin,Poland,53.4302,14.551,9.4,11.0,1.6,1.6,3.2,0.0,0.0,0.0,74.4,Moderate Risk
Szeged,Hungary,46.2546,20.1486,12.3,14.2,1.9,2.4,-7.0,2.7,6.8,4.1,48.3,High Risk
Novi Sad,Serbia,45.2551,19.8452,12.6,14.5,1.8,2.4,-5.8,3.8,9.7,5.9,50.5,Moderate Risk
Varna,Bulgaria,43.2074,27.9167,13.4,15.0,1.7,2.1,-1.5,1.0,3.0,2.0,66.6,Moderate Risk
Vladivostok,Russia,60.1666,24.9435,5.9,8.3,2.4,1.6,-1.4,0.0,0.0,0.0,64.0,Moderate Risk
Katowice,Poland,50.2137,19.0059,8.8,10.5,1.8,1.9,2.0,0.0,0.0,0.0,68.6,Moderate Risk
Brasov,Romania,45.6525,25.6106,8.0,9.6,1.6,1.9,-3.5,0.0,0.0,0.0,69.5,Moderate Risk
Constanta,Romania,44.1767,28.6508,12.8,14.5,1.7,1.9,-0.4,0.0,0.0,0.0,72.9,Moderate Risk
Sarajevo,Bosnia And Herzegovina,43.8571,18.4126,10.5,12.2,1.7,2.1,-3.2,0.0,2.0,2.0,63.9,Moderate Risk
Podgorica,Montenegro,42.4415,19.2621,14.6,16.4,1.7,2.2,-10.3,2.5,14.4,11.9,43.2,High Risk
Saint Petersburg,Russia,59.9607,30.1587,5.4,7.6,2.1,1.6,1.7,0.0,0.0,0.0,68.5,Moderate Risk
Timisoara,Romania,45.7538,21.2257,12.2,14.0,1.8,2.3,-6.4,2.6,7.2,4.6,52.0,Moderate Risk
Iasi,Romania,47.1616,27.5838,10.9,12.7,1.8,1.9,0.3,3.0,4.3,1.3,70.4,Moderate Risk
Plovdiv,Bulgaria,42.1419,24.7499,12.9,14.5,1.6,2.1,1.7,1.5,4.5,3.0,67.2,Moderate Risk
Yekaterinburg,Russia,56.8382,60.6008,2.4,4.6,2.1,2.0,-0.5,0.0,0.0,0.0,64.6,Moderate Risk
Tyumen,Russia,57.1535,65.5423,2.4,4.7,2.3,2.0,1.8,0.0,0.0,0.0,59.1,Moderate Risk
Burgas,Bulgaria,42.4937,27.4721,13.4,15.0,1.6,2.1,-1.9,0.0,3.5,3.5,66.5,Moderate Risk
Craiova,Romania,44.319,23.7966,12.6,14.4,1.9,2.2,-4.1,4.2,14.2,10.0,51.5,Moderate Risk
Kaliningrad,Russia,54.7046,20.4566,8.6,10.7,2.0,1.6,0.6,0.0,0.0,0.0,72.0,Moderate Risk
Galati,Romania,45.4338,28.0549,12.2,14.0,1.8,1.9,-1.6,2.5,9.0,6.5,64.3,Moderate Risk
Targu Mures,Romania,46.5446,24.5612,10.0,11.7,1.7,2.0,0.7,0.0,1.3,1.3,69.9,Moderate Risk
Krasnoyarsk,Russia,56.0091,92.8726,1.6,3.9,2.2,2.1,5.4,0.0,0.0,0.0,53.5,Moderate Risk
Skopje,North Macedonia,41.9962,21.4319,13.6,15.3,1.7,2.1,-1.3,5.2,22.1,16.9,55.6,Moderate Risk
Sibiu,Romania,45.7974,24.1519,9.1,10.7,1.6,1.9,-1.1,0.0,0.0,0.0,73.4,Moderate Risk
Kazan,Russia,55.7946,49.1115,4.6,6.7,2.1,1.8,6.0,0.0,0.0,0.0,58.6,Moderate Risk
Oradea,Romania,47.0549,21.9285,11.5,13.3,1.8,2.3,-4.9,1.0,4.1,3.1,55.6,Moderate Risk
Nis,Serbia,43.3163,21.9212,12.3,14.1,1.7,2.3,-3.0,3.6,10.4,6.8,57.6,Moderate Risk
Ufa,Russia,54.7261,55.9475,4.3,6.4,2.2,2.0,3.0,0.0,0.0,0.0,58.8,Moderate Risk
Krasnodar,Russia,45.0352,38.9772,12.6,14.1,1.5,1.9,4.0,4.0,13.4,9.4,63.2,Moderate Risk
Chisinau,Moldova,47.0245,28.8323,10.9,12.7,1.8,1.8,2.2,2.0,5.2,3.2,67.3,Moderate Risk
Novosibirsk,Russia,55.0288,82.9227,2.0,4.4,2.4,2.2,1.6,0.0,0.0,0.0,54.9,Moderate Risk
Nizhny Novgorod,Russia,56.1301,44.1365,5.5,7.6,2.1,1.7,3.1,0.0,0.0,0.0,64.8,Moderate Risk
Samara,Russia,53.1956,50.1015,5.9,8.0,2.1,2.1,1.4,1.0,6.0,5.0,57.8,Moderate Risk
Voronezh,Russia,51.68,39.1837,7.3,9.3,2.0,2.1,2.7,0.0,5.5,5.5,57.0,Moderate Risk
Tomsk,Russia,58.6124,82.0475,0.3,2.8,2.5,2.2,-0.2,0.0,0.0,0.0,55.5,Moderate Risk
Rostov-on-Don (Rostov-na-donu),Russia,47.2038,39.7325,11.2,12.9,1.7,2.1,4.1,3.2,12.7,9.5,56.6,Moderate Risk
Chelyabinsk,Russia,55.1598,61.4026,3.4,5.5,2.2,2.1,2.2,0.0,0.0,0.0,58.7,Moderate Risk
Perm,Russia,58.0109,56.2319,2.9,5.1,2.2,1.7,3.7,0.0,0.0,0.0,62.1,Moderate Risk
Stara Zagora,Bulgaria,42.4248,25.6257,12.6,14.3,1.7,2.2,-2.1,2.2,10.7,8.5,59.2,Moderate Risk
Minsk,Belarus,53.9025,27.5618,6.8,8.7,1.9,1.7,3.0,0.0,0.0,0.0,68.3,Moderate Risk
Kiev (Kyiv),Ukraine,50.4486,30.5272,8.6,10.5,1.8,1.9,3.0,0.0,0.0,0.0,67.0,Moderate Risk
Dnipro,Ukraine,51.9191,30.8243,8.1,10.0,1.9,1.8,1.7,0.0,1.0,1.0,68.1,Moderate Risk
Lviv,Ukraine,49.842,24.0316,8.7,10.6,1.8,1.9,-2.7,0.0,0.0,0.0,67.5,Moderate Risk
Odessa (Odesa),Ukraine,46.4829,30.724,11.6,13.4,1.7,1.9,3.4,0.0,3.0,3.0,65.7,Moderate Risk
Kharkiv,Ukraine,49.9923,36.231,8.6,10.5,1.8,1.9,3.1,1.0,4.8,3.8,63.9,Moderate Risk
